{
  "city_Area_StormDragon_City_Constant_HLOD_Area_StormDragon_City_Constant_HLOD_Lod0.obj": {
    "x": 1018.8858817420432,
    "y": -2.341680140703602,
    "z": -102.65913190235294
  },
  "city_Area_SXTMainOut_City_XMSM_XST_02_Festival_HLOD_Area_SXTMainOut_City_XMSM_XST_02_Festival_HLOD_Lod0.obj": {
    "x": 977.4191728551824,
    "y": -114.52762147308701,
    "z": -217.40947264473294
  },
  "city_Area_SXTWR_City_Constant_HLOD_Area_SXTWR_City_Constant_HLOD_Lod1.obj": {
    "x": 980.4923928578165,
    "y": -104.83682273066802,
    "z": -203.6272961437682
  },
  "city_Area_KZST_City_AirCube_FD_KZST_P1_Festival_HLOD_Area_KZST_City_AirCube_FD_KZST_P1_Festival_HLOD_Lod0.obj": {
    "x": 967.0790433385747,
    "y": -155.93785418575442,
    "z": -260.3407700313501
  },
  "city_Area_CWLZ_City_Constant_HLOD_Area_CWLZ_City_Constant_HLOD_Lod0.obj": {
    "x": 967.920225957798,
    "y": -141.84177698146925,
    "z": -259.6019598219431
  }
}