{
  "city_Area_StormDragon_City_Constant_HLOD_Area_StormDragon_City_Constant_HLOD_Lod0.obj": {
    "x": 1018.8858817420432,
    "y": -2.341680140703602,
    "z": -102.65913190235294
  },
  "city_Area_SXTMainOut_City_XMSM_XST_02_Festival_HLOD_Area_SXTMainOut_City_XMSM_XST_02_Festival_HLOD_Lod0.obj": {
    "x": 977.4191728551824,
    "y": -114.52762147308701,
    "z": -217.40947264473294
  },
  "city_Area_SXTWR_City_Constant_HLOD_Area_SXTWR_City_Constant_HLOD_Lod1.obj": {
    "x": 980.4923928578165,
    "y": -104.83682273066802,
    "z": -203.6272961437682
  },
  "city_Area_KZST_City_AirCube_FD_KZST_P1_Festival_HLOD_Area_KZST_City_AirCube_FD_KZST_P1_Festival_HLOD_Lod0.obj": {
    "x": 967.0790433385747,
    "y": -155.93785418575442,
    "z": -260.3407700313501
  },
  "city_Area_CWLZ_City_Constant_HLOD_Area_CWLZ_City_Constant_HLOD_Lod0.obj": {
    "x": 967.920225957798,
    "y": -141.84177698146925,
    "z": -259.6019598219431
  },
  "Stages_BigWorld_-3_5_Constant_HLOD": {
    "x": 1043.6818569427833,
    "y": 0,
    "z": 33.3018430116681
  },
  "Stages_BigWorld_-1_3_Constant_HLOD": {
    "x": 983.9200136524225,
    "y": 0,
    "z": -1.3267985490520005
  },
  "Stages_BigWorld_-1_5_Constant_HLOD": {
    "x": 1005.9675540106923,
    "y": 0,
    "z": 18.921865802938555
  },
  "Stages_BigWorld_0_4_Constant_HLOD": {
    "x": 1016.3827290616987,
    "y": 0,
    "z": 4103.787041138427
  },
  "Stages_BigWorld_-1_4_Constant_HLOD": {
    "x": 1019.2074639511382,
    "y": 0,
    "z": 22.46233776354711
  },
  "Stages_BigWorld_-2_4_Constant_HLOD": {
    "x": 1003.356519995767,
    "y": 0,
    "z": 30.191182117261633
  },
  "Stages_BigWorld_-4_5_Constant_HLOD": {
    "x": 5171.28417798091,
    "y": 0,
    "z": 5110.277504953788
  },
  "Stages_BigWorld_1_1_Constant_HLOD": {
    "x": 8.899328347651533,
    "y": 0,
    "z": 1043.3743650857807
  }
}